<metadata xml:lang="en"><Esri><CreaDate>20200723</CreaDate><CreaTime>15220300</CreaTime><SyncOnce>FALSE</SyncOnce><ArcGISFormat>1.0</ArcGISFormat><ArcGISstyle>ISO 19139 Metadata Implementation Specification</ArcGISstyle><DataProperties><itemProps><itemLocation><linkage Sync="TRUE">file://\\SRVARCGIS\D$\procesamiento_4\temp\20IID_CC_2011_V2_shp\20IID_CC_2011_V2_shp\Drenaje_Doble.shp</linkage><protocol Sync="TRUE">Local Area Network</protocol></itemLocation><itemName Sync="TRUE">Drenaje_Doble</itemName><imsContentType Sync="TRUE">002</imsContentType><itemSize Sync="TRUE">0.000</itemSize></itemProps><lineage><Process ToolSource="C:\Program Files (x86)\ArcGIS\Desktop10.0\ArcToolbox\Toolboxes\Data Management Tools.tbx\AddField" Date="20130716" Time="111747">AddField D:\Proyecto\fgonzalez\PRUEBAS\CORPORATIVA_25K\25K_V8_15_07_2013_Geograficas.mdb\Superficies_Agua\Drenaje_Doble CAMBIO TEXT # # 2 # NULLABLE NON_REQUIRED #</Process><Process ToolSource="C:\Program Files (x86)\ArcGIS\Desktop10.0\ArcToolbox\Toolboxes\Data Management Tools.tbx\AssignDomainToField" Date="20130716" Time="111749">AssignDomainToField D:\Proyecto\fgonzalez\PRUEBAS\CORPORATIVA_25K\25K_V8_15_07_2013_Geograficas.mdb\Superficies_Agua\Drenaje_Doble CAMBIO Dom_Cambios #</Process><Process ToolSource="C:\Program Files (x86)\ArcGIS\Desktop10.0\ArcToolbox\Toolboxes\Data Management Tools.tbx\AddField" Date="20130716" Time="111750">AddField D:\Proyecto\fgonzalez\PRUEBAS\CORPORATIVA_25K\25K_V8_15_07_2013_Geograficas.mdb\Superficies_Agua\Drenaje_Doble RESPONSABLE TEXT # # 100 # NULLABLE NON_REQUIRED #</Process><Process ToolSource="C:\Program Files (x86)\ArcGIS\Desktop10.0\ArcToolbox\Toolboxes\Data Management Tools.tbx\AddField" Date="20130716" Time="111752">AddField D:\Proyecto\fgonzalez\PRUEBAS\CORPORATIVA_25K\25K_V8_15_07_2013_Geograficas.mdb\Superficies_Agua\Drenaje_Doble VIGENCIA TEXT # # 2 # NULLABLE NON_REQUIRED #</Process><Process ToolSource="C:\Program Files (x86)\ArcGIS\Desktop10.0\ArcToolbox\Toolboxes\Data Management Tools.tbx\AssignDomainToField" Date="20130716" Time="111753">AssignDomainToField D:\Proyecto\fgonzalez\PRUEBAS\CORPORATIVA_25K\25K_V8_15_07_2013_Geograficas.mdb\Superficies_Agua\Drenaje_Doble VIGENCIA Dom_Vigencia #</Process><Process ToolSource="C:\Program Files (x86)\ArcGIS\Desktop10.0\ArcToolbox\Toolboxes\Data Management Tools.tbx\AddField" Date="20130716" Time="111755">AddField D:\Proyecto\fgonzalez\PRUEBAS\CORPORATIVA_25K\25K_V8_15_07_2013_Geograficas.mdb\Superficies_Agua\Drenaje_Doble FECHA_MODIFICACION DATE # # # # NULLABLE NON_REQUIRED #</Process><Process ToolSource="C:\Program Files (x86)\ArcGIS\Desktop10.0\ArcToolbox\Toolboxes\Conversion Tools.tbx\FeatureClassToFeatureClass" Date="20130719" Time="125440">FeatureClassToFeatureClass X:\PRUEBAS\CORPORATIVA_25K\25K_V8_15_07_2013_Geograficas.mdb\Superficies_Agua\Drenaje_Doble X:\PRUEBAS\CORPORATIVA_25K\Definitiva.mdb\Superficies_Agua Drenaje_Doble # "PROYECTO "PROYECTO" true true false 30 Text 0 0 ,First,#,X:\PRUEBAS\CORPORATIVA_25K\25K_V8_15_07_2013_Geograficas.mdb\Superficies_Agua\Drenaje_Doble,PROYECTO,-1,-1;SYMBOL "Symbol" true true false 255 Text 0 0 ,First,#,X:\PRUEBAS\CORPORATIVA_25K\25K_V8_15_07_2013_Geograficas.mdb\Superficies_Agua\Drenaje_Doble,SYMBOL,-1,-1;FECHA "FECHA" true true false 8 Date 0 0 ,First,#,X:\PRUEBAS\CORPORATIVA_25K\25K_V8_15_07_2013_Geograficas.mdb\Superficies_Agua\Drenaje_Doble,FECHA,-1,-1;NOMBRE_GEOGRAFICO "NMG" true true false 255 Text 0 0 ,First,#,X:\PRUEBAS\CORPORATIVA_25K\25K_V8_15_07_2013_Geograficas.mdb\Superficies_Agua\Drenaje_Doble,NOMBRE_GEOGRAFICO,-1,-1;PK_CUE "PK_CUE" true true false 8 Double 0 0 ,First,#,X:\PRUEBAS\CORPORATIVA_25K\25K_V8_15_07_2013_Geograficas.mdb\Superficies_Agua\Drenaje_Doble,PK_CUE,-1,-1;TIPO "TIPO" true true false 2 Short 0 0 ,First,#,X:\PRUEBAS\CORPORATIVA_25K\25K_V8_15_07_2013_Geograficas.mdb\Superficies_Agua\Drenaje_Doble,TIPO,-1,-1;SHAPE_Length "SHAPE_Length" false true true 8 Double 0 0 ,First,#,X:\PRUEBAS\CORPORATIVA_25K\25K_V8_15_07_2013_Geograficas.mdb\Superficies_Agua\Drenaje_Doble,SHAPE_Length,-1,-1;SHAPE_Area "SHAPE_Area" false true true 8 Double 0 0 ,First,#,X:\PRUEBAS\CORPORATIVA_25K\25K_V8_15_07_2013_Geograficas.mdb\Superficies_Agua\Drenaje_Doble,SHAPE_Area,-1,-1;CAMBIO "CAMBIO" true true false 2 Text 0 0 ,First,#,X:\PRUEBAS\CORPORATIVA_25K\25K_V8_15_07_2013_Geograficas.mdb\Superficies_Agua\Drenaje_Doble,CAMBIO,-1,-1;RESPONSABLE "RESPONSABLE" true true false 100 Text 0 0 ,First,#,X:\PRUEBAS\CORPORATIVA_25K\25K_V8_15_07_2013_Geograficas.mdb\Superficies_Agua\Drenaje_Doble,RESPONSABLE,-1,-1;VIGENCIA "VIGENCIA" true true false 2 Text 0 0 ,First,#,X:\PRUEBAS\CORPORATIVA_25K\25K_V8_15_07_2013_Geograficas.mdb\Superficies_Agua\Drenaje_Doble,VIGENCIA,-1,-1;FECHA_MODIFICACION "FECHA_MODIFICACION" true true false 8 Date 0 0 ,First,#,X:\PRUEBAS\CORPORATIVA_25K\25K_V8_15_07_2013_Geograficas.mdb\Superficies_Agua\Drenaje_Doble,FECHA_MODIFICACION,-1,-1" #</Process><Process ToolSource="C:\Program Files (x86)\ArcGIS\Desktop10.0\ArcToolbox\Toolboxes\Data Management Tools.tbx\Append" Date="20131114" Time="120937">Append GPL0 GPL1 NO_TEST "PROYECTO "PROYECTO" true true false 30 Text 0 0 ,First,#,X:\SIN_MIGRAR\20IID.mdb\Drenaje_Doble,PROYECTO,-1,-1,X:\ENTREGAS\ENTREGA_2\20IID\21IID.mdb\Drenaje_Doble,PROYECTO,-1,-1;SYMBOL "Symbol" true true false 255 Text 0 0 ,First,#,X:\SIN_MIGRAR\20IID.mdb\Drenaje_Doble,SYMBOL,-1,-1,X:\ENTREGAS\ENTREGA_2\20IID\21IID.mdb\Drenaje_Doble,SYMBOL,-1,-1;FECHA "FECHA" true true false 8 Date 0 0 ,First,#,X:\SIN_MIGRAR\20IID.mdb\Drenaje_Doble,FECHA,-1,-1,X:\ENTREGAS\ENTREGA_2\20IID\21IID.mdb\Drenaje_Doble,FECHA,-1,-1;NOMBRE_GEOGRAFICO "NMG" true true false 255 Text 0 0 ,First,#,X:\SIN_MIGRAR\20IID.mdb\Drenaje_Doble,NOMBRE_GEOGRAFICO,-1,-1,X:\ENTREGAS\ENTREGA_2\20IID\21IID.mdb\Drenaje_Doble,NOMBRE_GEOGRAFICO,-1,-1;PK_CUE "PK_CUE" true true false 8 Double 0 0 ,First,#,X:\SIN_MIGRAR\20IID.mdb\Drenaje_Doble,PK_CUE,-1,-1,X:\ENTREGAS\ENTREGA_2\20IID\21IID.mdb\Drenaje_Doble,PK_CUE,-1,-1;TIPO "TIPO" true true false 2 Short 0 0 ,First,#,X:\SIN_MIGRAR\20IID.mdb\Drenaje_Doble,TIPO,-1,-1,X:\ENTREGAS\ENTREGA_2\20IID\21IID.mdb\Drenaje_Doble,TIPO,-1,-1;CAMBIO "CAMBIO" true true false 2 Text 0 0 ,First,#,X:\SIN_MIGRAR\20IID.mdb\Drenaje_Doble,CAMBIO,-1,-1,X:\ENTREGAS\ENTREGA_2\20IID\21IID.mdb\Drenaje_Doble,CAMBIO,-1,-1;RESPONSABLE "RESPONSABLE" true true false 100 Text 0 0 ,First,#,X:\SIN_MIGRAR\20IID.mdb\Drenaje_Doble,RESPONSABLE,-1,-1,X:\ENTREGAS\ENTREGA_2\20IID\21IID.mdb\Drenaje_Doble,RESPONSABLE,-1,-1;VIGENCIA "VIGENCIA" true true false 2 Text 0 0 ,First,#,X:\SIN_MIGRAR\20IID.mdb\Drenaje_Doble,VIGENCIA,-1,-1,X:\ENTREGAS\ENTREGA_2\20IID\21IID.mdb\Drenaje_Doble,VIGENCIA,-1,-1;FECHA_MODIFICACION "FECHA_MODIFICACION" true true false 8 Date 0 0 ,First,#,X:\SIN_MIGRAR\20IID.mdb\Drenaje_Doble,FECHA_MODIFICACION,-1,-1,X:\ENTREGAS\ENTREGA_2\20IID\21IID.mdb\Drenaje_Doble,FECHA_MODIFICACION,-1,-1;Shape_Length "Shape_Length" false true true 8 Double 0 0 ,First,#,X:\SIN_MIGRAR\20IID.mdb\Drenaje_Doble,Shape_Length,-1,-1,X:\ENTREGAS\ENTREGA_2\20IID\21IID.mdb\Drenaje_Doble,Shape_Length,-1,-1;Shape_Area "Shape_Area" false true true 8 Double 0 0 ,First,#,X:\SIN_MIGRAR\20IID.mdb\Drenaje_Doble,Shape_Area,-1,-1,X:\ENTREGAS\ENTREGA_2\20IID\21IID.mdb\Drenaje_Doble,Shape_Area,-1,-1;FCOID "FCOID" true true false 0 Long 0 0 ,First,#,X:\SIN_MIGRAR\20IID.mdb\Drenaje_Doble,FCOID,-1,-1,X:\ENTREGAS\ENTREGA_2\20IID\21IID.mdb\Drenaje_Doble,FCOID,-1,-1;NewRuleID "NewRuleID" true true false 0 Long 0 0 ,First,#,X:\SIN_MIGRAR\20IID.mdb\Drenaje_Doble,NewRuleID,-1,-1,X:\ENTREGAS\ENTREGA_2\20IID\21IID.mdb\Drenaje_Doble,NewRuleID,-1,-1" #</Process><Process ToolSource="C:\Program Files (x86)\ArcGIS\Desktop10.0\ArcToolbox\Toolboxes\Data Management Tools.tbx\CalculateField" Date="20140421" Time="141249">CalculateField Drenaje_Doble RESPONSABLE "Carlos Alberto Sedano" VB #</Process><Process ToolSource="C:\Program Files (x86)\ArcGIS\Desktop10.0\ArcToolbox\Toolboxes\Data Management Tools.tbx\CalculateField" Date="20140421" Time="141301">CalculateField Drenaje_Doble FECHA_MODIFICACION "21/04/2014" VB #</Process><Process ToolSource="C:\Program Files (x86)\ArcGIS\Desktop10.0\ArcToolbox\Toolboxes\Data Management Tools.tbx\CalculateField" Date="20140421" Time="141535">CalculateField Drenaje_Doble NOMBRE_GEOGRAFICO null VB #</Process><Process ToolSource="c:\program files (x86)\arcgis\desktop10.3\ArcToolbox\Toolboxes\Data Management Tools.tbx\DeleteField" Date="20170929" Time="142132">DeleteField X:\PARA_ENTREGAS_FINALES\MANTENIMIENTO_DE_BASES\2011\APROBADO\20IID_CC_2011_V2.mdb\Superficies_Agua\Drenaje_Doble RESPONSABLE</Process><Process ToolSource="c:\program files (x86)\arcgis\desktop10.5\ArcToolbox\Toolboxes\Data Management Tools.tbx\CopyFeatures" Date="20200723" Time="152755">CopyFeatures D:\procesamiento_4\temp\20IID_CC_2011_V2_gdb\20IID_CC_2011_V2.gdb\Superficies_Agua\Drenaje_Doble D:\procesamiento_4\temp\20IID_CC_2011_V2_shp\20IID_CC_2011_V2_shp\Drenaje_Doble.shp # 0 0 0</Process></lineage><coordRef><type Sync="TRUE">Projected</type><geogcsn Sync="TRUE">MAGNA-SIRGAS</geogcsn><csUnits Sync="TRUE">Linear Unit: Meter (1.000000)</csUnits><peXml Sync="TRUE">&lt;ProjectedCoordinateSystem xsi:type='typens:ProjectedCoordinateSystem' xmlns:xsi='http://www.w3.org/2001/XMLSchema-instance' xmlns:xs='http://www.w3.org/2001/XMLSchema' xmlns:typens='http://www.esri.com/schemas/ArcGIS/10.5'&gt;&lt;WKT&gt;PROJCS[&amp;quot;MAGNA-SIRGAS / Origen-Nacional&amp;quot;,GEOGCS[&amp;quot;MAGNA-SIRGAS&amp;quot;,DATUM[&amp;quot;Marco_Geocentrico_Nacional_de_Referencia&amp;quot;,SPHEROID[&amp;quot;GRS 1980&amp;quot;,6378137.0,298.257222101]],PRIMEM[&amp;quot;Greenwich&amp;quot;,0.0],UNIT[&amp;quot;degree&amp;quot;,0.0174532925199433]],PROJECTION[&amp;quot;Transverse_Mercator&amp;quot;],PARAMETER[&amp;quot;false_easting&amp;quot;,5000000.0],PARAMETER[&amp;quot;false_northing&amp;quot;,2000000.0],PARAMETER[&amp;quot;central_meridian&amp;quot;,-73.0],PARAMETER[&amp;quot;scale_factor&amp;quot;,0.9992],PARAMETER[&amp;quot;latitude_of_origin&amp;quot;,4.0],UNIT[&amp;quot;Metre&amp;quot;,1.0]]&lt;/WKT&gt;&lt;XOrigin&gt;-618700&lt;/XOrigin&gt;&lt;YOrigin&gt;-8436100&lt;/YOrigin&gt;&lt;XYScale&gt;450623577.52990448&lt;/XYScale&gt;&lt;ZOrigin&gt;-100000&lt;/ZOrigin&gt;&lt;ZScale&gt;10000&lt;/ZScale&gt;&lt;MOrigin&gt;-100000&lt;/MOrigin&gt;&lt;MScale&gt;10000&lt;/MScale&gt;&lt;XYTolerance&gt;0.001&lt;/XYTolerance&gt;&lt;ZTolerance&gt;0.001&lt;/ZTolerance&gt;&lt;MTolerance&gt;0.001&lt;/MTolerance&gt;&lt;HighPrecision&gt;true&lt;/HighPrecision&gt;&lt;/ProjectedCoordinateSystem&gt;</peXml><projcsn Sync="TRUE">MAGNA-SIRGAS / Origen-Nacional</projcsn></coordRef></DataProperties><SyncDate>20200723</SyncDate><SyncTime>15275500</SyncTime><ModDate>20200723</ModDate><ModTime>15275500</ModTime></Esri><dataIdInfo><envirDesc Sync="TRUE">Microsoft Windows Server 2008 R2 Version 6.1 (Build 7601) Service Pack 1; Esri ArcGIS 10.5.0.6491</envirDesc><dataLang><languageCode value="spa" Sync="TRUE"></languageCode><countryCode value="COL" Sync="TRUE"></countryCode></dataLang><idCitation><resTitle Sync="TRUE">Drenaje_Doble</resTitle><presForm><PresFormCd value="005" Sync="TRUE"></PresFormCd></presForm></idCitation><spatRpType><SpatRepTypCd value="001" Sync="TRUE"></SpatRepTypCd></spatRpType></dataIdInfo><mdLang><languageCode value="spa" Sync="TRUE"></languageCode><countryCode value="COL" Sync="TRUE"></countryCode></mdLang><distInfo><distFormat><formatName Sync="TRUE">Shapefile</formatName></distFormat><distTranOps><transSize Sync="TRUE">0.000</transSize></distTranOps></distInfo><mdHrLv><ScopeCd value="005" Sync="TRUE"></ScopeCd></mdHrLv><mdHrLvName Sync="TRUE">dataset</mdHrLvName><refSysInfo><RefSystem><refSysID><identCode code="0" Sync="TRUE"></identCode><idCodeSpace Sync="TRUE">EPSG</idCodeSpace><idVersion Sync="TRUE">7.4.1</idVersion></refSysID></RefSystem></refSysInfo><spatRepInfo><VectSpatRep><geometObjs Name="Drenaje_Doble"><geoObjTyp><GeoObjTypCd value="002" Sync="TRUE"></GeoObjTypCd></geoObjTyp><geoObjCnt Sync="TRUE">0</geoObjCnt></geometObjs><topLvl><TopoLevCd value="001" Sync="TRUE"></TopoLevCd></topLvl></VectSpatRep></spatRepInfo><spdoinfo><ptvctinf><esriterm Name="Drenaje_Doble"><efeatyp Sync="TRUE">Simple</efeatyp><efeageom code="4" Sync="TRUE"></efeageom><esritopo Sync="TRUE">FALSE</esritopo><efeacnt Sync="TRUE">0</efeacnt><spindex Sync="TRUE">FALSE</spindex><linrefer Sync="TRUE">TRUE</linrefer></esriterm></ptvctinf></spdoinfo><eainfo><detailed Name="Drenaje_Doble"><enttyp><enttypl Sync="TRUE">Drenaje_Doble</enttypl><enttypt Sync="TRUE">Feature Class</enttypt><enttypc Sync="TRUE">0</enttypc></enttyp><attr><attrlabl Sync="TRUE">Shape</attrlabl><attalias Sync="TRUE">Shape</attalias><attrtype Sync="TRUE">Geometry</attrtype><attwidth Sync="TRUE">0</attwidth><atprecis Sync="TRUE">0</atprecis><attscale Sync="TRUE">0</attscale><attrdef Sync="TRUE">Feature geometry.</attrdef><attrdefs Sync="TRUE">ESRI</attrdefs><attrdomv><udom Sync="TRUE">Coordinates defining the features.</udom></attrdomv></attr><attr><attrlabl Sync="TRUE">PROYECTO</attrlabl><attalias Sync="TRUE">PROYECTO</attalias><attrtype Sync="TRUE">String</attrtype><attwidth Sync="TRUE">30</attwidth><atprecis Sync="TRUE">0</atprecis><attscale Sync="TRUE">0</attscale></attr><attr><attrlabl Sync="TRUE">FID</attrlabl><attalias Sync="TRUE">FID</attalias><attrtype Sync="TRUE">OID</attrtype><attwidth Sync="TRUE">4</attwidth><atprecis Sync="TRUE">0</atprecis><attscale Sync="TRUE">0</attscale><attrdef Sync="TRUE">Internal feature number.</attrdef><attrdefs Sync="TRUE">Esri</attrdefs><attrdomv><udom Sync="TRUE">Sequential unique whole numbers that are automatically generated.</udom></attrdomv></attr><attr><attrlabl Sync="TRUE">SYMBOL</attrlabl><attalias Sync="TRUE">SYMBOL</attalias><attrtype Sync="TRUE">String</attrtype><attwidth Sync="TRUE">254</attwidth><atprecis Sync="TRUE">0</atprecis><attscale Sync="TRUE">0</attscale></attr><attr><attrlabl Sync="TRUE">FECHA</attrlabl><attalias Sync="TRUE">FECHA</attalias><attrtype Sync="TRUE">Date</attrtype><attwidth Sync="TRUE">8</attwidth><atprecis Sync="TRUE">0</atprecis><attscale Sync="TRUE">0</attscale></attr><attr><attrlabl Sync="TRUE">PK_CUE</attrlabl><attalias Sync="TRUE">PK_CUE</attalias><attrtype Sync="TRUE">Double</attrtype><attwidth Sync="TRUE">19</attwidth><atprecis Sync="TRUE">0</atprecis><attscale Sync="TRUE">0</attscale></attr><attr><attrlabl Sync="TRUE">TIPO</attrlabl><attalias Sync="TRUE">TIPO</attalias><attrtype Sync="TRUE">Integer</attrtype><attwidth Sync="TRUE">5</attwidth><atprecis Sync="TRUE">5</atprecis><attscale Sync="TRUE">0</attscale></attr><attr><attrlabl Sync="TRUE">NOMBRE_GEO</attrlabl><attalias Sync="TRUE">NOMBRE_GEO</attalias><attrtype Sync="TRUE">String</attrtype><attwidth Sync="TRUE">254</attwidth><atprecis Sync="TRUE">0</atprecis><attscale Sync="TRUE">0</attscale></attr><attr><attrlabl Sync="TRUE">CAMBIO</attrlabl><attalias Sync="TRUE">CAMBIO</attalias><attrtype Sync="TRUE">String</attrtype><attwidth Sync="TRUE">2</attwidth><atprecis Sync="TRUE">0</atprecis><attscale Sync="TRUE">0</attscale></attr><attr><attrlabl Sync="TRUE">VIGENCIA</attrlabl><attalias Sync="TRUE">VIGENCIA</attalias><attrtype Sync="TRUE">String</attrtype><attwidth Sync="TRUE">2</attwidth><atprecis Sync="TRUE">0</atprecis><attscale Sync="TRUE">0</attscale></attr><attr><attrlabl Sync="TRUE">RuleID</attrlabl><attalias Sync="TRUE">RuleID</attalias><attrtype Sync="TRUE">Integer</attrtype><attwidth Sync="TRUE">10</attwidth><atprecis Sync="TRUE">10</atprecis><attscale Sync="TRUE">0</attscale></attr><attr><attrlabl Sync="TRUE">Shape_Area</attrlabl><attalias Sync="TRUE">Shape_Area</attalias><attrtype Sync="TRUE">Double</attrtype><attwidth Sync="TRUE">19</attwidth><atprecis Sync="TRUE">0</atprecis><attscale Sync="TRUE">0</attscale><attrdef Sync="TRUE">Area of feature in internal units squared.</attrdef><attrdefs Sync="TRUE">ESRI</attrdefs><attrdomv><udom Sync="TRUE">Positive real numbers that are automatically generated.</udom></attrdomv></attr><attr><attrlabl Sync="TRUE">FECHA_MODI</attrlabl><attalias Sync="TRUE">FECHA_MODI</attalias><attrtype Sync="TRUE">Date</attrtype><attwidth Sync="TRUE">8</attwidth><atprecis Sync="TRUE">0</atprecis><attscale Sync="TRUE">0</attscale></attr><subtype><stname Sync="TRUE">Lecho Seco ó Cauce</stname><stcode Sync="TRUE">1</stcode><stfield><stfldnm Sync="TRUE">SYMBOL</stfldnm><stflddv Sync="TRUE">3</stflddv><stflddd><domname Sync="TRUE">Dom_Gen_PLTS</domname><domdesc Sync="TRUE"></domdesc><domtype Sync="TRUE">Coded Value</domtype><mrgtype Sync="TRUE">Default value</mrgtype><splttype Sync="TRUE">Default value</splttype><domowner Sync="TRUE"></domowner><domfldtp Sync="TRUE">String</domfldtp></stflddd></stfield><stfield><stfldnm Sync="TRUE">CAMBIO</stfldnm><stflddd><domname Sync="TRUE">Dom_Cambios</domname><domdesc Sync="TRUE">Cambios realizados en edicion</domdesc><domtype Sync="TRUE">Coded Value</domtype><mrgtype Sync="TRUE">Default value</mrgtype><splttype Sync="TRUE">Default value</splttype><domowner Sync="TRUE"></domowner><domfldtp Sync="TRUE">String</domfldtp></stflddd></stfield><stfield><stfldnm Sync="TRUE">VIGENCIA</stfldnm><stflddd><domname Sync="TRUE">Dom_Vigencia</domname><domdesc Sync="TRUE">Vigencia del elemento</domdesc><domtype Sync="TRUE">Coded Value</domtype><mrgtype Sync="TRUE">Default value</mrgtype><splttype Sync="TRUE">Default value</splttype><domowner Sync="TRUE"></domowner><domfldtp Sync="TRUE">String</domfldtp></stflddd></stfield><stfield><stfldnm Sync="TRUE">RuleID</stfldnm><stflddd><domname Sync="TRUE">Drenaje_Doble_Rep_Rules</domname><domdesc Sync="TRUE">Representation rules</domdesc><domtype Sync="TRUE">Coded Value</domtype><mrgtype Sync="TRUE">Default value</mrgtype><splttype Sync="TRUE">Default value</splttype><domowner Sync="TRUE"></domowner><domfldtp Sync="TRUE">Integer</domfldtp></stflddd></stfield></subtype><attr><attrlabl Sync="TRUE">Shape_Leng</attrlabl><attalias Sync="TRUE">Shape_Leng</attalias><attrtype Sync="TRUE">Double</attrtype><attwidth Sync="TRUE">19</attwidth><atprecis Sync="TRUE">0</atprecis><attscale Sync="TRUE">0</attscale></attr><subtype><stname Sync="TRUE">Cuerpo de Agua</stname><stcode Sync="TRUE">0</stcode><stfield><stfldnm Sync="TRUE">SYMBOL</stfldnm><stflddv Sync="TRUE">3</stflddv><stflddd><domname Sync="TRUE">Dom_Gen_PLTS</domname><domdesc Sync="TRUE"></domdesc><domtype Sync="TRUE">Coded Value</domtype><mrgtype Sync="TRUE">Default value</mrgtype><splttype Sync="TRUE">Default value</splttype><domowner Sync="TRUE"></domowner><domfldtp Sync="TRUE">String</domfldtp></stflddd></stfield><stfield><stfldnm Sync="TRUE">CAMBIO</stfldnm><stflddd><domname Sync="TRUE">Dom_Cambios</domname><domdesc Sync="TRUE">Cambios realizados en edicion</domdesc><domtype Sync="TRUE">Coded Value</domtype><mrgtype Sync="TRUE">Default value</mrgtype><splttype Sync="TRUE">Default value</splttype><domowner Sync="TRUE"></domowner><domfldtp Sync="TRUE">String</domfldtp></stflddd></stfield><stfield><stfldnm Sync="TRUE">VIGENCIA</stfldnm><stflddd><domname Sync="TRUE">Dom_Vigencia</domname><domdesc Sync="TRUE">Vigencia del elemento</domdesc><domtype Sync="TRUE">Coded Value</domtype><mrgtype Sync="TRUE">Default value</mrgtype><splttype Sync="TRUE">Default value</splttype><domowner Sync="TRUE"></domowner><domfldtp Sync="TRUE">String</domfldtp></stflddd></stfield><stfield><stfldnm Sync="TRUE">RuleID</stfldnm><stflddd><domname Sync="TRUE">Drenaje_Doble_Rep_Rules</domname><domdesc Sync="TRUE">Representation rules</domdesc><domtype Sync="TRUE">Coded Value</domtype><mrgtype Sync="TRUE">Default value</mrgtype><splttype Sync="TRUE">Default value</splttype><domowner Sync="TRUE"></domowner><domfldtp Sync="TRUE">Integer</domfldtp></stflddd></stfield></subtype></detailed></eainfo><mdDateSt Sync="TRUE">20200723</mdDateSt></metadata>
