<?xml version="1.0" encoding="UTF-8"?>
<metadata xml:lang="es"><Esri><CreaDate>20230922</CreaDate><CreaTime>15450400</CreaTime><ArcGISFormat>1.0</ArcGISFormat><SyncOnce>TRUE</SyncOnce><DataProperties><lineage><Process ToolSource="c:\program files (x86)\arcgis\desktop10.8\ArcToolbox\Toolboxes\Spatial Analyst Tools.tbx\SingleOutputMapAlgebra" Date="20230922" Time="154504">SingleOutputMapAlgebra "(C:\aaa\DEM_Th.tif) * 1" C:\aaa\DEM_HydroFixed.tif #</Process></lineage></DataProperties></Esri></metadata>
