<?xml version="1.0" encoding="UTF-8"?>
<metadata xml:lang="es"><Esri><CreaDate>20230922</CreaDate><CreaTime>16572700</CreaTime><ArcGISFormat>1.0</ArcGISFormat><SyncOnce>TRUE</SyncOnce><DataProperties><lineage><Process ToolSource="c:\program files (x86)\arcgis\desktop10.8\ArcToolbox\Toolboxes\Conversion Tools.tbx\RasterToPolygon" Date="20230922" Time="165629">RasterToPolygon Watersh.tif C:\Users\moise\OneDrive\Documents\ArcGIS\Default1.gdb\RasterT_tif1 SIMPLIFY Value SINGLE_OUTER_PART #</Process></lineage></DataProperties></Esri></metadata>
